"id","created_at","updated_at","title","description","id_pedido"
1,"2017-01-26 07:12:07","2017-01-26 07:12:07","Chamado 1 do pedido 1","Chamado 1 do pedido 1",1
2,"2017-01-26 07:12:07","2017-01-26 07:12:07","Chamado 2 do pedido 2","Chamado 2 do pedido 2",2
3,"2017-01-26 07:12:07","2017-01-26 07:12:07","Chamado 3 do pedido 3","Chamado 3 do pedido 3",3
4,"2017-01-26 07:12:07","2017-01-26 07:12:07","Chamado 4 do pedido 4","Chamado 4 do pedido 4",4
5,"2017-01-26 07:12:07","2017-01-26 07:12:07","Chamado 5 do pedido 5","Chamado 5 do pedido 5",5
6,"2017-01-26 07:12:07","2017-01-26 07:12:07","Chamado 6 do pedido 6","Chamado 6 do pedido 6",6
7,"2017-01-26 07:12:07","2017-01-26 07:12:07","Chamado 7 do pedido 7","Chamado 7 do pedido 7",7
8,"2017-01-26 07:12:07","2017-01-26 07:12:07","Chamado 8 do pedido 8","Chamado 8 do pedido 8",8
9,"2017-01-26 07:12:07","2017-01-26 07:12:07","Chamado 9 do pedido 9","Chamado 9 do pedido 9",9
10,"2017-01-26 07:12:07","2017-01-26 07:12:07","Chamado 10 do pedido 10","Chamado 10 do pedido 10",10
11,"2017-01-26 07:12:07","2017-01-26 07:12:07","Chamado 11 do pedido 11","Chamado 11 do pedido 11",11
12,"2017-01-26 07:12:07","2017-01-26 07:12:07","Chamado 12 do pedido 12","Chamado 12 do pedido 12",12
13,"2017-01-26 08:29:34","2017-01-26 08:29:34","Chamado 2 do pedido 1","Chamado 2 do pedido 1",1